{
    "step_1": 10.560256719589233,
    "step_2": 8.424494981765747,
    "step_3": 11.175048828125,
    "step_4": 11.984893798828125,
    "step_5": 15.639537811279297,
    "step_6": 9.255907773971558,
    "step_7": 10.853206634521484,
    "step_8": 15.575236558914185,
    "step_9": 7.942975759506226,
    "step_10": 13.77661395072937,
    "step_11": 10.704243421554565,
    "step_12": 4.563045978546143,
    "step_13": 20.29654836654663,
    "step_14": 11.057027816772461,
    "step_15": 17.226619243621826,
    "step_16": 14.642034769058228,
    "step_17": 9.614814519882202,
    "step_18": 5.024184703826904,
    "Total experiment time": 208.71883273124695
}